ID,Title,Company,Location,Score,Status,Source,Salary,URL,Matched Skills,Score Reasoning,Scraped At,Applied At,Resume,Cover Letter,Notes
61,Backend Software Engineer II,foodpanda,"Singapore, Singapore",9.5,scored,linkedin,,https://sg.linkedin.com/jobs/view/backend-software-engineer-ii-at-foodpanda-4370769994,"Node.js, Express.js, Python, REST APIs, WebSockets, microservices, event-driven systems, ReactJS, GenAl & Al Agents, LLM integration, RAG, Al agents, prompt, Databases orchestration, workflow automation, conversational backends.","High technical skill match ( Node.js, Express.js, Python), seniority fit (5+ years experience), role type alignment (Backend) and location compatibility (Singapore is reachable from Bengaluru).",2026-02-13T19:11:39.298101,,,,
84,Principal Security Engineer,Auros,Remote,9.0,scored,remoteok,,https://remoteOK.com/remote-jobs/remote-principal-security-engineer-auros-1130222,"C#, Node.js (JavaScript/TypeScript), Python, PHP, Ruby, Express.js, FastAPI, REST APIs, WebSockets, microservices, ReactJS (dashboards, admin panels, internal tools), Databases orchestration, workflow automation, MySQL, PostgreSQL, MongoDB, Cloud & DevOps, Security, AWS, Docker, Linux, CI/CD","Strong technical match due to extensive backend experience and skills in security, AWS, and cloud DevOps.",2026-02-13T19:12:57.724229,,,,
83,(Senior) Backend Engineer (f/m/x),lemon.markets,Hybrides Arbeiten in Berlin,9.0,scored,indeed,,https://de.indeed.com/rc/clk?jk=5cdbf9ad1bd9a1fd&bb=nwP3NFodMrfS7MTCKKL-ZxUuM0rNougFkVQOSZk6F5DP8ai4kgD706VZ8ugJkX4XAxB5b1C7xknTQbVwBZO9E-hM-TQODjB6O3wf8ugFL6fBFEKlQJ_QgMzha1hQkRqL&xkcb=SoDS67M3nrvqUlzCGZ0MbzkdCdPP&fccid=00766c39b68a04b4&vjs=3,"Node.js, Express.js, Python, REST APIs, WebSockets, ReactJS, GenAl & Al Agents, LLM integration, Databases orchestration, workflow automation, MySQL, PostgreSQL, MongoDB, Cloud & DevOps, Security, AWS, DigitalOcean, Docker, Linux, CI/CD, monitoring","Highly relevant skills for backend engineering and AI, seniority matches role requirements, suitable location",2026-02-13T19:12:07.536856,,,,
55,Backend Engineer - Agents Team,Taktile,"London, England, United Kingdom",9.0,scored,linkedin,,https://uk.linkedin.com/jobs/view/backend-engineer-agents-team-at-taktile-4369274228,"C#, Node.js (JavaScript/TypeScript), Python, PHP, Ruby, Express.js, FastAPI, REST APIs, WebSockets, microservices, event-driven systems, LLM integration (Azure GPT/OpenAI), RAG, Al agents, prompt, Databases orchestration, workflow automation","Excellent technical match, seniority fit, and role type alignment. However, location compatibility is a concern.",2026-02-13T19:11:21.696411,,,,
52,Backend Developer,Nabu Casa,"London, England, United Kingdom",9.0,scored,linkedin,,https://uk.linkedin.com/jobs/view/backend-developer-at-nabu-casa-4366360433,"C#, Node.js (JavaScript/TypeScript), Python, REST APIs, WebSockets, microservices, ReactJS, LLM integration (Azure GPT/OpenAI), MySQL, PostgreSQL, MongoDB, Cloud & DevOps, Security",The candidate's technical skills and experience closely match the job requirements.,2026-02-13T19:11:21.695411,,,,
49,Backend Engineer,CRED,United Kingdom,9.0,scored,linkedin,,https://uk.linkedin.com/jobs/view/backend-engineer-at-cred-4339189757,"Node.js (JavaScript/TypeScript), Python, PHP, Ruby, Express.js, FastAPI, REST APIs, WebSockets, microservices, event-driven systems, ReactJS, GenAl & Al Agents, LLM integration, RAG, Al agents, prompt, Databases orchestration, workflow automation","Highly relevant technical skills for a Backend Engineer role, strong seniority fit and alignment with the role type.",2026-02-13T19:11:21.694410,,,,
48,Backend Engineer,Uphold,"City Of London, England, United Kingdom",9.0,scored,linkedin,,https://uk.linkedin.com/jobs/view/backend-engineer-at-uphold-4370540512,"C#, Node.js (JavaScript/TypeScript), Python, PHP, Ruby, Express.js, FastAPI, REST APIs, WebSockets, microservices, event-driven systems, ReactJS (dashboards, admin panels, internal tools), GenAl & Al Agents, LLM integration (Azure GPT/OpenAI), RAG, Al agents, prompt, Databases orchestration, workflow automation, conversational backends.",Excellent technical skill match and seniority fit for this Backend role at Uphold,2026-02-13T19:11:21.694410,,,,
45,"Backend Software Engineer, Python",Cradle,"Amsterdam, North Holland, Netherlands",9.0,scored,linkedin,,https://nl.linkedin.com/jobs/view/backend-software-engineer-python-at-cradle-4359408374,"Python, Node.js (JavaScript/TypeScript), REST APIs, WebSockets, microservices, event-driven systems, ReactJS (dashboards, admin panels, internal tools), GenAl & Al Agents, LLM integration (Azure GPT/OpenAI)",High score due to excellent technical skill match and seniority fit.,2026-02-13T19:11:07.847899,,,,
42,Junior Full-Stack Developer,Voormedia,"Amsterdam, North Holland, Netherlands",9.0,scored,linkedin,,https://nl.linkedin.com/jobs/view/junior-full-stack-developer-at-voormedia-4351607507,"Node.js, Express.js, Python, REST APIs, WebSockets, microservices, ReactJS, GenAl & Al Agents, LLM integration (Azure GPT/OpenAI), Databases orchestration, workflow automation, Cloud & DevOps, Security","Candidate has strong technical skills that match the job requirements, but seniority and role type alignment are not perfect",2026-02-13T19:11:07.846376,,,,
26,Backend Developer (Mid-Level) (m/w/d),Octopus Energy,"Berlin, Berlin, Germany",9.0,scored,linkedin,,https://de.linkedin.com/jobs/view/backend-developer-mid-level-m-w-d-at-octopus-energy-4371829063,"C#, Node.js (JavaScript/TypeScript), Python, PHP, Ruby, Express.js, FastAPI, REST APIs, WebSockets, ReactJS, microservices, event-driven systems, LLM integration (Azure GPT/OpenAI), RAG, Al agents, prompt, Databases orchestration, workflow automation, conversational backends., MySQL, PostgreSQL, MongoDB, Cloud & DevOps, Security","Candidate's technical skills are a near-perfect match for the job requirements, and their experience is suitable for a mid-level role.",2026-02-13T19:10:54.962393,,,,
24,Back-end Engineer,Ailoys,"Berlin, Berlin, Germany",9.0,scored,linkedin,,https://de.linkedin.com/jobs/view/back-end-engineer-at-ailoys-4130081692,"C#, Node.js (JavaScript/TypeScript), Python, Express.js, FastAPI, REST APIs, WebSockets, microservices, event-driven systems, ReactJS, GenAl & Al Agents, LLM integration (Azure GPT/OpenAI), RAG, Al agents, prompt, Databases orchestration, workflow automation, conversational backends.","High technical skill match, seniority fit, role type alignment, and growth potential",2026-02-13T19:10:54.962393,,,,
15,Full Stack Engineer,Deloitte,"Mumbai, Maharashtra, India",9.0,scored,linkedin,,https://in.linkedin.com/jobs/view/full-stack-engineer-at-deloitte-4352977676,"Node.js (JavaScript/TypeScript), Express.js, Python, REST APIs, WebSockets, microservices, event-driven systems, ReactJS, GenAl & Al Agents, LLM integration, Databases orchestration, workflow automation, MySQL, PostgreSQL, MongoDB, Cloud & DevOps",High match due to extensive technical skills and seniority fit.,2026-02-13T19:10:40.998873,,,,
14,NodeJS Developer,HubSpire,India,9.0,scored,linkedin,,https://in.linkedin.com/jobs/view/nodejs-developer-at-hubspire-4257194341,"Node.js (JavaScript/TypeScript), Express.js, FastAPI, REST APIs, WebSockets, microservices, event-driven systems, ReactJS, MySQL, PostgreSQL, MongoDB, Cloud & DevOps",Candidate has extensive experience in backend development and matches most technical requirements of the NodeJS Developer role.,2026-02-13T19:10:40.997873,,,,
5,Full Stack Python Developer,Deloitte,"Bengaluru, Karnataka, India",9.0,scored,linkedin,,https://in.linkedin.com/jobs/view/full-stack-python-developer-at-deloitte-4354034887,"Python, Node.js (JavaScript/TypeScript), Express.js, REST APIs, WebSockets, microservices, event-driven systems, ReactJS (dashboards, admin panels, internal tools), LLM integration (Azure GPT/OpenAI), RAG, Al agents, prompt, Databases orchestration, workflow automation, conversational backends., MySQL, PostgreSQL, MongoDB","Excellent technical match, seniority fit, role type alignment and location compatibility.",2026-02-13T19:10:40.995873,,,,
125,Associate Preconstruction Project Engineer Battery Storage,Plus Power,Remote,8.5,scored,remoteok,,https://remoteOK.com/remote-jobs/remote-associate-preconstruction-project-engineer-battery-storage-plus-power-1130125,"Node.js, Express.js, Python, REST APIs, WebSockets, microservices, event-driven systems, ReactJS, Databases orchestration, workflow automation","High technical skill match, suitable seniority fit, and aligned role type.",2026-02-13T19:12:57.726771,,,,
115,Account Executive Southeast Region DroneSense,Versaterm,Remote,8.5,scored,remoteok,,https://remoteOK.com/remote-jobs/remote-account-executive-southeast-region-dronesense-versaterm-1130150,"Node.js, Express.js, Python, REST APIs, WebSockets, microservices, ReactJS, GenAl & Al Agents, LLM integration (Azure GPT/OpenAI), Databases orchestration, workflow automation, MySQL, PostgreSQL, MongoDB, Cloud & DevOps, Security, AWS, DigitalOcean, Docker","Strong match in technical skills, seniority, and role type alignment.",2026-02-13T19:12:57.725749,,,,
110,Senior Software Engineer India,Alpaca,Remote,8.5,scored,remoteok,,https://remoteOK.com/remote-jobs/remote-senior-software-engineer-india-alpaca-1130162,"C#, Node.js (JavaScript/TypeScript), Python, PHP, Ruby, Express.js, FastAPI, REST APIs, WebSockets, microservices, event-driven systems, ReactJS, LLM integration (Azure GPT/OpenAI), RAG, Al agents, prompt, Databases orchestration, workflow automation, conversational backends.",Excellent match in technical skills and seniority fit.,2026-02-13T19:12:57.725229,,,,
107,Staff Software Engineer Distributed Simulation,Anduril Industries,Remote,8.5,scored,remoteok,"$220,000 - $292,000",https://remoteOK.com/remote-jobs/remote-staff-software-engineer-distributed-simulation-anduril-industries-1130167,"Node.js, Express.js, Python, REST APIs, WebSockets, microservices, event-driven systems, ReactJS, GenAl & Al Agents, LLM integration (Azure GPT/OpenAI), RAG, Al agents, prompt, Databases orchestration","High technical skill match due to extensive experience in backend development and GenAI, along with relevant skills like Node.js, Express.js, Python, REST APIs, and WebSocket services.",2026-02-13T19:12:57.725229,,,,
102,Senior Full Stack Software Engineer Growth,Circle.so,Remote,8.5,scored,remoteok,,https://remoteOK.com/remote-jobs/remote-senior-full-stack-software-engineer-growth-circle-so-1130185,"C#, Node.js, Python, PHP, Ruby, Express.js, FastAPI, REST APIs, WebSockets, microservices, event-driven systems, ReactJS, GenAl & Al Agents, LLM integration (Azure GPT/OpenAI), RAG, Al agents, prompt, Databases orchestration, workflow automation, conversational backends.","High technical skill match, suitable seniority fit, and role type alignment",2026-02-13T19:12:57.725229,,,,
99,Forward Deployed Engineer DevOps,Parloa,Remote,8.5,scored,remoteok,,https://remoteOK.com/remote-jobs/remote-forward-deployed-engineer-devops-parloa-1130194,"Node.js, Express.js, Python, AWS, Docker, Linux, CI/CD, monitoring, JWT, OAuth2, microservices, event-driven systems","Excellent technical skill match, seniority fit, and role type alignment.",2026-02-13T19:12:57.724229,,,,
94,Fullstack Automation Engineer Delivery Automation Team,Hostinger,Remote,8.5,scored,remoteok,,https://remoteOK.com/remote-jobs/remote-fullstack-automation-engineer-delivery-automation-team-hostinger-1130201,"C#, Node.js (JavaScript/TypeScript), Python, REST APIs, WebSockets, microservices, ReactJS, GenAl & Al Agents, LLM integration, RAG, Al agents, prompt, Databases orchestration, workflow automation, conversational backends.","Strong match in technical skills, seniority fit, and role type alignment.",2026-02-13T19:12:57.724229,,,,
93,Senior Systems Engineer,Logos,Remote,8.5,scored,remoteok,,https://remoteOK.com/remote-jobs/remote-senior-systems-engineer-logos-1130203,"Node.js, Express.js, Python, WebSockets, microservices, REST APIs, ReactJS (dashboards), Databases orchestration, workflow automation, conversational backends","The candidate's technical skills match most of the job requirements, and their experience is suitable for a Senior Systems Engineer role.",2026-02-13T19:12:57.724229,,,,
91,Senior DevSecOps Platform Security Engineer,DEFCON AI,Remote,8.5,scored,remoteok,,https://remoteOK.com/remote-jobs/remote-senior-devsecops-platform-security-engineer-defcon-ai-1130208,"Node.js (JavaScript/TypeScript), Python, FastAPI, REST APIs, WebSockets, microservices, event-driven systems, AWS, DigitalOcean, Docker, Linux, CI/CD, monitoring, JWT, OAuth2","The candidate has a strong technical skill match, meets seniority requirements, and aligns well with the role type. Location is suitable for remote work.",2026-02-13T19:12:57.724229,,,,
88,Senior Software Engineer Trading Infrastructure,Gauntlet,Remote,8.5,scored,remoteok,,https://remoteOK.com/remote-jobs/remote-senior-software-engineer-trading-infrastructure-gauntlet-1130217,"C#, Node.js (JavaScript/TypeScript), Python, REST APIs, WebSockets, microservices, ReactJS (dashboards, admin panels, internal tools), LLM integration (Azure GPT/OpenAI), Databases orchestration, workflow automation, conversational backends., MySQL, PostgreSQL, MongoDB, Cloud & DevOps, Security, AWS, DigitalOcean, Docker, Linux, CI/CD",High technical skill match due to extensive experience in backend development and GenAI.,2026-02-13T19:12:57.724229,,,,
82,Junior Backend Engineer (m/f/x),Travelcircus GmbH,13407 Berlin,8.5,scored,indeed,,https://de.indeed.com/rc/clk?jk=3af6dd9955748870&bb=nwP3NFodMrfS7MTCKKL-Z18fBg3W_LOBGVhqScpCessvwlWmMo9fQqZ36MLHKOG9mVTlOxc2D-JT0UWBFkK9BT7z8fLofPdlOPsaRd5iVLApLCIxO_fPyfwsmiR4eNjz&xkcb=SoBm67M3nrvqUlzCGZ0NbzkdCdPP&fccid=2b23fb94329af383&vjs=3,"C#, Node.js, Python, REST APIs, WebSockets, microservices, event-driven systems, ReactJS, GenAl & Al Agents, LLM integration, RAG, Al agents, prompt, Databases orchestration, workflow automation, conversational backends","High technical skill match (40/40), good seniority fit (16/20), exact role type alignment (20/20), location compatible (10/10), growth potential unclear but not a deal-breaker.",2026-02-13T19:12:07.533344,,,,
79,Backend Engineer,FAIRTIQ AG,Homeoffice,8.5,scored,indeed,,https://de.indeed.com/rc/clk?jk=69e369c16a170842&bb=nwP3NFodMrfS7MTCKKL-Z-FwoYIJ8v47bZKIE8VVDXZu5AH5fJwPhNs37_OA02S_bz74c91R2Y7-XuncXpVjuKbpMQBQvSDRgddDimLR5ce8DGPAwxNMjCoYGd5qtWiN&xkcb=SoDB67M3nrvqUlzCGZ0IbzkdCdPP&fccid=c72d1e887ca9cb49&vjs=3,"Node.js (JavaScript/TypeScript), Python, PHP, Ruby, Express.js, FastAPI, REST APIs, WebSockets, microservices, event-driven systems, ReactJS (dashboards, admin panels, internal tools), GenAl & Al Agents, LLM integration (Azure GPT/OpenAI), RAG, Al agents, prompt, Databases orchestration, workflow automation, conversational backends, MySQL, PostgreSQL, MongoDB, Cloud & DevOps, Security",The candidate's technical skills match over 90% of the expected requirements and has extensive experience in backend development.,2026-02-13T19:12:07.522778,,,,
8,Full Stack Engineer,Deloitte,"Bengaluru, Karnataka, India",8.5,scored,linkedin,,https://in.linkedin.com/jobs/view/full-stack-engineer-at-deloitte-4353971991,"C#, Node.js, Python, REST APIs, WebSockets, microservices, event-driven systems, ReactJS, GenAl & Al Agents, LLM integration (Azure GPT/OpenAI), RAG, Al agents, prompt, Databases orchestration, workflow automation, conversational backends, MySQL, PostgreSQL, MongoDB, Cloud & DevOps, Security, AWS, DigitalOcean, Docker, Linux, CI/CD, monitoring, JWT, OAuth2, role-based access control",Excellent technical skill match and seniority fit.,2026-02-13T19:10:40.996873,,,,
127,Senior Cloud Software Engineer Assist,Stack AV,Remote,8.0,scored,remoteok,,https://remoteOK.com/remote-jobs/remote-senior-cloud-software-engineer-assist-stack-av-1130119,"Node.js (JavaScript/TypeScript), Python, PHP, Ruby, Express.js, FastAPI, REST APIs, WebSockets, microservices, event-driven systems, ReactJS, MySQL, PostgreSQL, MongoDB, Cloud & DevOps, Security, AWS, DigitalOcean, Docker, Linux, CI/CD, monitoring, JWT, OAuth2, role-based access control",Pratik Lad's extensive experience in backend development and GenAI makes him a strong match for this role.,2026-02-13T19:12:57.726771,,,,
126,Solution CAD Engineer III,Unlimited Technology,Remote,8.0,scored,remoteok,,https://remoteOK.com/remote-jobs/remote-solution-cad-engineer-iii-unlimited-technology-1130121,"Node.js (JavaScript/TypeScript), Python, Express.js, FastAPI, REST APIs, WebSockets, microservices, event-driven systems, ReactJS, GenAl & Al Agents, LLM integration","Candidate's technical skills align well with the job requirements, seniority fits, and role type alignment is strong.",2026-02-13T19:12:57.726771,,,,
123,UI Developer R01560583,Brillio,Remote,8.0,scored,remoteok,,https://remoteOK.com/remote-jobs/remote-ui-developer-r01560583-brillio-1130131,"C#, Python, Express.js, FastAPI, REST APIs, WebSockets, microservices, ReactJS, RAG, Al agents, prompt, JWT, OAuth2","Candidate has some relevant skills, but doesn't match primary skills of Angular and Node",2026-02-13T19:12:57.725749,,,,
122,Technical Support Engineer Singapore,Dataiku,Remote,8.0,scored,remoteok,,https://remoteOK.com/remote-jobs/remote-technical-support-engineer-singapore-dataiku-1130133,"Node.js (JavaScript/TypeScript), Python, PHP, Ruby, Express.js, FastAPI, REST APIs, WebSockets, microservices, ReactJS, GenAl & Al Agents, LLM integration (Azure GPT/OpenAI), RAG, Al agents, prompt, Databases orchestration, workflow automation","High score due to excellent technical skill match, suitable seniority fit, and alignment with Backend/Full-stack/SDE roles",2026-02-13T19:12:57.725749,,,,
121,Senior Data Engineer,Lalamove,Remote,8.0,scored,remoteok,,https://remoteOK.com/remote-jobs/remote-senior-data-engineer-lalamove-1130136,"Python, Node.js (JavaScript/TypeScript), PHP, Ruby, Express.js, FastAPI, REST APIs, WebSockets, microservices, event-driven systems, ReactJS, GenAl & Al Agents, LLM integration, Databases orchestration","Strong technical skills match and seniority fit, but some concerns about role type alignment and growth potential.",2026-02-13T19:12:57.725749,,,,
120,Senior DevOps Engineer,Anduril Industries,Remote,8.0,scored,remoteok,,https://remoteOK.com/remote-jobs/remote-senior-devops-engineer-anduril-industries-1130139,"Node.js (JavaScript/TypeScript), Python, Ansible/Terraform, Virtual Machines, containers, Databases orchestration, workflow automation, security","High match in technical skills, seniority, and role type, but some concerns about location",2026-02-13T19:12:57.725749,,,,
119,Launch Operations Lead,Arketa,Remote,8.0,scored,remoteok,"$60,000 - $85,000",https://remoteOK.com/remote-jobs/remote-launch-operations-lead-arketa-1130140,"Node.js (JavaScript/TypeScript), Python, PHP, Ruby, Express.js, FastAPI, REST APIs, WebSockets, microservices, event-driven systems, ReactJS, GenAl & Al Agents, LLM integration (Azure GPT/OpenAI), RAG, Al agents, prompt, Databases orchestration, workflow automation","The candidate has extensive technical skills that match the requirements, but there's some mismatch in role type alignment.",2026-02-13T19:12:57.725749,,,,
117,DevSecOps Engineer DroneSense,Versaterm,Remote,8.0,scored,remoteok,,https://remoteOK.com/remote-jobs/remote-devsecops-engineer-dronesense-versaterm-1130147,"C#, Node.js (JavaScript/TypeScript), Python, PHP, Ruby, Express.js, FastAPI, REST APIs, WebSockets, microservices, event-driven systems, ReactJS, GenAl & Al Agents, LLM integration (Azure GPT/OpenAI), RAG, Al agents, prompt, Databases orchestration, workflow automation, conversational backends., MySQL, PostgreSQL, MongoDB, Cloud & DevOps, Security","Strong match in technical skills, seniority fit and role type alignment.",2026-02-13T19:12:57.725749,,,,
116,Customer Success Manager DroneSense,Versaterm,Remote,8.0,scored,remoteok,,https://remoteOK.com/remote-jobs/remote-customer-success-manager-dronesense-versaterm-1130148,"Node.js (JavaScript/TypeScript), Python, PHP, Ruby, Express.js, FastAPI, REST APIs, WebSockets, microservices, event-driven systems, ReactJS, Databases orchestration, workflow automation, conversational backends, MySQL, PostgreSQL, MongoDB, Cloud & DevOps, Security","Strong technical match due to extensive backend development experience and GenAI skills. However, some mismatch in seniority fit as this is a Customer Success Manager role.",2026-02-13T19:12:57.725749,,,,
114,Talent Development Manager CDD,Pennylane,Remote,8.0,scored,remoteok,,https://remoteOK.com/remote-jobs/remote-talent-development-manager-cdd-pennylane-1130151,"C#, Node.js (JavaScript/TypeScript), Python, PHP, Ruby, Express.js, FastAPI, REST APIs, WebSockets, microservices, ReactJS (dashboards, admin panels, internal tools), GenAl & Al Agents, LLM integration (Azure GPT/OpenAI)","Candidate's skills closely match Pennylane's requirements, especially in GenAI, backend development, and REST APIs.",2026-02-13T19:12:57.725749,,,,
109,Senior Staff Platform Engineer,Veeam Software,Remote,8.0,scored,remoteok,,https://remoteOK.com/remote-jobs/remote-senior-staff-platform-engineer-veeam-software-1130163,"Node.js, Express.js, Python, REST APIs, WebSockets, microservices, event-driven systems, ReactJS (dashboards, admin panels), LLM integration (Azure GPT/OpenAI), RAG, Al agents, prompt, Databases orchestration, workflow automation, conversational backends., MySQL, PostgreSQL, MongoDB, Cloud & DevOps, Security, AWS, DigitalOcean, Docker, Linux, CI/CD, monitoring, JWT, OAuth2","Strong technical match due to extensive experience in backend development and GenAI; however, Azure expertise is a significant requirement that needs careful consideration.",2026-02-13T19:12:57.725229,,,,
108,Senior Software Engineer DevProd,Temporal Technologies,Remote,8.0,scored,remoteok,,https://remoteOK.com/remote-jobs/remote-senior-software-engineer-devprod-temporal-technologies-1130164,"Node.js, Express.js, Python, REST APIs, WebSockets, microservices, event-driven systems, ReactJS, AWS, DigitalOcean, Docker, Linux, CI/CD, monitoring, JWT, OAuth2, role-based access control","Strong technical match, suitable seniority level and role type alignment, compatible location, but limited growth potential due to remote nature of the company",2026-02-13T19:12:57.725229,,,,
104,Staff Software Engineer Platform Team,Wellhub,Remote,8.0,scored,remoteok,,https://remoteOK.com/remote-jobs/remote-staff-software-engineer-platform-team-wellhub-1130180,"Node.js, Express.js, Python, REST APIs","The candidate's technical skills closely match the requirements, including experience in Node.js, Express.js, Python, and REST APIs.",2026-02-13T19:12:57.725229,,,,
101,Senior Program Manager Workforce Planning,Fluxon,Remote,8.0,scored,remoteok,,https://remoteOK.com/remote-jobs/remote-senior-program-manager-workforce-planning-fluxon-1130187,"Node.js (JavaScript/TypeScript), Python, PHP, Ruby, Express.js, FastAPI, REST APIs, WebSockets, microservices, event-driven systems, ReactJS, GenAl & Al Agents, LLM integration (Azure GPT/OpenAI), RAG, Al agents, prompt, Databases orchestration, workflow automation, conversational backends.","Strong technical match due to extensive backend development experience and skills, but some concerns about lack of program management experience",2026-02-13T19:12:57.725229,,,,
100,Senior Technical Program Manager Infrastructure,Planet,Remote,8.0,scored,remoteok,,https://remoteOK.com/remote-jobs/remote-senior-technical-program-manager-infrastructure-planet-1130189,"Node.js (JavaScript/TypeScript), Python, REST APIs, WebSockets, microservices, event-driven systems, ReactJS, GenAl & Al Agents, LLM integration (Azure GPT/OpenAI), Databases orchestration, workflow automation, conversational backends.",High score due to strong technical skill match and seniority fit,2026-02-13T19:12:57.725229,,,,
98,Developer Relations Engineer,Horizen Labs,Remote,8.0,scored,remoteok,,https://remoteOK.com/remote-jobs/remote-developer-relations-engineer-horizen-labs-1130195,"C#, Node.js (JavaScript/TypeScript), Python, PHP, Ruby, Express.js, FastAPI, REST APIs, WebSockets, microservices, event-driven systems, ReactJS, GenAl & Al Agents, LLM integration, RAG, Al agents, prompt, Databases orchestration, workflow automation, conversational backends.",Strong match on technical skills and seniority fit; suitable location compatibility,2026-02-13T19:12:57.724229,,,,
97,Senior Software Engineer Web,BitMEX,Remote,8.0,scored,remoteok,,https://remoteOK.com/remote-jobs/remote-senior-software-engineer-web-bitmex-1130197,"C#, Node.js (JavaScript/TypeScript), Python, PHP, Ruby, Express.js, FastAPI, REST APIs, WebSockets, microservices, event-driven systems, ReactJS, GenAl & Al Agents, LLM integration (Azure GPT/OpenAI), RAG, Databases orchestration, workflow automation, conversational backends., MySQL, PostgreSQL, MongoDB",High score due to strong technical skills match and seniority fit,2026-02-13T19:12:57.724229,,,,
96,Business Development Representative UK EU,Alpaca,Remote,8.0,scored,remoteok,,https://remoteOK.com/remote-jobs/remote-business-development-representative-uk-eu-alpaca-1130198,"Node.js, Express.js, Python, REST APIs, WebSockets, microservices, ReactJS, GenAl & Al Agents, LLM integration (Azure GPT/OpenAI), MySQL, PostgreSQL, MongoDB","High technical skill match, seniority fit, and role type alignment.",2026-02-13T19:12:57.724229,,,,
95,Software Development Engineer I,QuillBot,Remote,8.0,scored,remoteok,,https://remoteOK.com/remote-jobs/remote-software-development-engineer-i-quillbot-1130199,"Node.js, Express.js, Python, REST APIs, WebSockets, microservices, event-driven systems, ReactJS, Databases orchestration","High technical match due to Node.js, Python, and ReactJS skills; seniority is a slight concern but not deal-breaker.",2026-02-13T19:12:57.724229,,,,
92,Senior Cybersecurity Engineer,Accenture Federal Services,Remote,8.0,scored,remoteok,,https://remoteOK.com/remote-jobs/remote-senior-cybersecurity-engineer-accenture-federal-services-1130205,"REST APIs, WebSockets, microservices, event-driven systems, Python, Node.js (JavaScript/TypeScript), Express.js, FastAPI, JWT, OAuth2, role-based access control, secure payments logging","Good technical match and seniority fit, but some concerns about role type alignment",2026-02-13T19:12:57.724229,,,,
89,Software Engineer Apps,Headout,Remote,8.0,scored,remoteok,,https://remoteOK.com/remote-jobs/remote-software-engineer-apps-headout-1130216,"Node.js (JavaScript/TypeScript), Python, PHP, Ruby, Express.js, FastAPI, REST APIs, WebSockets, microservices, event-driven systems, ReactJS, MySQL, PostgreSQL, MongoDB, Cloud & DevOps, Security, AWS, DigitalOcean, Docker, Linux, CI/CD, monitoring",Strong match for technical skills and seniority fit,2026-02-13T19:12:57.724229,,,,
87,Security Operations Engineer,Alpaca,Remote,8.0,scored,remoteok,,https://remoteOK.com/remote-jobs/remote-security-operations-engineer-alpaca-1130218,"Node.js, Express.js, Python, REST APIs, WebSockets, microservices, ReactJS, Databases orchestration, workflow automation","Good technical match, but some concerns about relevance of skills to Security Operations role.",2026-02-13T19:12:57.724229,,,,
86,Staff Product Security Engineer Customer Platform,Valon Tech,Remote,8.0,scored,remoteok,"$190,000 - $260,000",https://remoteOK.com/remote-jobs/remote-staff-product-security-engineer-customer-platform-valon-tech-1130220,"C#, Node.js (JavaScript/TypeScript), Python, PHP, Ruby, Express.js, FastAPI, REST APIs, WebSockets, microservices, event-driven systems, ReactJS, GenAl & Al Agents, LLM integration, RAG, Databases orchestration, workflow automation","High technical skill match due to experience in backend development and GenAI, alignment with role type (Backend/Full-stack/SDE), seniority fit is appropriate for 5+ years experience, location compatibility is suitable as it's remote",2026-02-13T19:12:57.724229,,,,
85,State Engagement Manager,Radiant,Remote,8.0,scored,remoteok,,https://remoteOK.com/remote-jobs/remote-state-engagement-manager-radiant-1130221,"Node.js, Express.js, Python, REST APIs, WebSockets, microservices, event-driven systems, ReactJS, LLM integration (Azure GPT/OpenAI), RAG, Al agents, prompt, databases orchestration, workflow automation, conversational backends., MySQL, PostgreSQL, MongoDB, Cloud & DevOps, Security","The candidate's skills match most of the job requirements, but there is no explicit mention of nuclear microreactors or related technologies in their profile.",2026-02-13T19:12:57.724229,,,,
81,Backend Engineer,GFR.ai,Hybrides Arbeiten in Berlin,8.0,scored,indeed,,https://de.indeed.com/rc/clk?jk=150412413eff0ab5&bb=nwP3NFodMrfS7MTCKKL-Z6NPUGT3wcHLoD1m45bnvJeFQ2936J-Ts5obGkgqvd8ugbsIsxRzsO6boylMZgQKo5xM2b9ybd3MMz2lujs7ebUgG1SenRKShbzgxyLI7XXT&xkcb=SoD767M3nrvqUlzCGZ0ObzkdCdPP&fccid=e86dec57c17949c4&vjs=3,"Node.js, Express.js, Python, REST APIs, WebSockets, microservices, event-driven systems, ReactJS, GenAl & Al Agents, LLM integration","The candidate's technical skills align well with the Backend Engineer role, considering their experience and expertise in Node.js, Express.js, Python, REST APIs, WebSockets, microservices, event-driven systems, ReactJS, GenAl & Al Agents, LLM integration, databases orchestration, workflow automation, and security.",2026-02-13T19:12:07.530344,,,,
80,Backend Engineer (Node.js),Almedia,Berlin,8.0,scored,indeed,,https://de.indeed.com/rc/clk?jk=ee12c1aafaff3742&bb=nwP3NFodMrfS7MTCKKL-Z-v854KwPThpRUdsp1iODQuvucPZjb1ZNsUlufWBUcOueWmHI2tDNvBiFavLdvg3ZmI1siz4bvVJGYpvDkHF8kHeddP3LOkx0vW_9nDq-Xvp&xkcb=SoBP67M3nrvqUlzCGZ0PbzkdCdPP&fccid=81b5274aba200ed8&vjs=3,"Node.js, Express.js, Python, REST APIs, WebSockets, microservices, ReactJS (dashboards, admin panels), GenAl & Al Agents, LLM integration (Azure GPT/OpenAI), Databases orchestration","The candidate's technical skills match the role requirements closely, and their experience is suitable for the position.",2026-02-13T19:12:07.525814,,,,
78,Backend Engineer,noventive - IP securely protected,80992 München,8.0,scored,indeed,,https://de.indeed.com/rc/clk?jk=e2241891e6312e84&bb=nwP3NFodMrfS7MTCKKL-Z2D8MUEXLMQAUbb475tzSiHPZaERGJ_uE5BynflDfvxIOS43x1czr3BswAorFva0fwaBaVlPyU07tOeetR8IP1Vwe8lz0j-Dea4g71H1P0VH&xkcb=SoB167M3nrvqUlzCGZ0JbzkdCdPP&fccid=97359a777a029287&vjs=3,"C#, Node.js, Python, PHP, Ruby, Express.js, FastAPI, REST APIs, WebSockets, microservices, ReactJS, GenAl & Al Agents, LLM integration, JWT, OAuth2","Excellent technical skill match (40/40), seniority fit (20/20), role type alignment (15/20), location compatibility (0/10) and moderate growth potential (5/10)",2026-02-13T19:12:07.520771,,,,
77,Backend Engineer,Trading212,Hybrides Arbeiten in Berlin,8.0,scored,indeed,,https://de.indeed.com/rc/clk?jk=b03a0fcf3951e333&bb=nwP3NFodMrfS7MTCKKL-Z85hxPS5y3H7uV133AzkitO7SX8PH0_0lc74UBRGU0GBGdLR2pZtXhNLm6waVOpN8GIN2Q8N0EcE_jfU-ZPNdv4LwlgIG07FhWpyzpmdVDmN&xkcb=SoDo67M3nrvqUlzCGZ0KbzkdCdPP&fccid=2822b28e50f5649f&vjs=3,"C#, Node.js (JavaScript/TypeScript), Python, REST APIs, WebSockets, microservices, ReactJS, GenAl & Al Agents, LLM integration, RAG, Al agents, prompt, Databases orchestration, workflow automation, conversational backends.","Excellent match in technical skills, seniority, and role type alignment",2026-02-13T19:12:07.518265,,,,
76,Sr. Sofware Engineer (Backend),vCluster Labs,Homeoffice in Berlin,8.0,scored,indeed,,https://de.indeed.com/rc/clk?jk=3b0f74281ab03041&bb=nwP3NFodMrfS7MTCKKL-Z0cXftP68n4fo2brCLuuWAFYtkCnee9McUvZw8008AcjMVYFEzzFnNmkX-1i5lelrQAnjfdD8t1bDVqEwxrdBhGbz_A-DXcNCYD0TNfeY3mn&xkcb=SoBc67M3nrvqUlzCGZ0LbzkdCdPP&fccid=0481311f715b9140&vjs=3,"Node.js (JavaScript/TypeScript), Python, Express.js, FastAPI, REST APIs, WebSockets, microservices, event-driven systems, GenAl & Al Agents, LLM integration (Azure GPT/OpenAI), RAG, Al agents, prompt, Databases orchestration, workflow automation, conversational backends., MySQL, PostgreSQL, MongoDB","Strong technical match and seniority fit, suitable location, but unclear growth potential",2026-02-13T19:12:07.516264,,,,
75,"Backend Software Engineer (Wallet), TikTok - Singapore",TikTok,"Singapore, Singapore",8.0,scored,linkedin,,https://sg.linkedin.com/jobs/view/backend-software-engineer-wallet-tiktok-singapore-at-tiktok-4365863792,"Node.js, Express.js, Python, REST APIs, WebSockets, microservices, event-driven systems, ReactJS, GenAl & Al Agents, LLM integration (Azure GPT/OpenAI), Databases orchestration, workflow automation, conversational backends, MySQL, PostgreSQL, MongoDB","Strong technical match, suitable seniority fit, and good role type alignment.",2026-02-13T19:11:39.303126,,,,
73,"Backend Engineer, Paid Ads - Advertiser Platform (Campus Recruitment 2026)",Shopee,"Singapore, Singapore",8.0,scored,linkedin,,https://sg.linkedin.com/jobs/view/backend-engineer-paid-ads-advertiser-platform-campus-recruitment-2026-at-shopee-4287521187,"Node.js (JavaScript/TypeScript), Python, PHP, Ruby, Express.js, FastAPI, REST APIs, WebSockets, microservices, event-driven systems, ReactJS (dashboards, admin panels, internal tools), LLM integration (Azure GPT/OpenAI), RAG, Al agents, prompt, Databases orchestration, workflow automation, conversational backends., MySQL, PostgreSQL, MongoDB, Cloud & DevOps, Security",Highly skilled in backend development and GenAI with strong match for role requirements,2026-02-13T19:11:39.302117,,,,
72,Back-End API Developer,Frontline Data Solutions,Singapore,8.0,scored,linkedin,,https://sg.linkedin.com/jobs/view/back-end-api-developer-at-frontline-data-solutions-4368450169,"C#, Node.js (JavaScript/TypeScript), Python, PHP, Ruby, Express.js, FastAPI, REST APIs, WebSockets, microservices, event-driven systems, ReactJS, GenAl & Al Agents, LLM integration, RAG, Al agents, prompt, Databases orchestration, workflow automation, conversational backends, MySQL, PostgreSQL, MongoDB","High technical skill match due to extensive backend development experience and relevant technologies like Node.js, Express.js, Python, and REST APIs.",2026-02-13T19:11:39.302117,,,,
70,Backend Engineer (Python/Node.js),Crypto.com,"Singapore, Singapore",8.0,scored,linkedin,,https://sg.linkedin.com/jobs/view/backend-engineer-python-node-js-at-crypto-com-4354278180,"Node.js (JavaScript/TypeScript), Express.js, Python, REST APIs, WebSockets, microservices, RAG, Al agents, prompt, Databases orchestration, workflow automation, conversational backends., MySQL, PostgreSQL, MongoDB","Strong technical skill match, suitable seniority fit and location compatibility.",2026-02-13T19:11:39.301115,,,,
69,Backend Engineer,Coffee Meets Bagel,"Singapore, Singapore",8.0,scored,linkedin,,https://sg.linkedin.com/jobs/view/backend-engineer-at-coffee-meets-bagel-4353892437,"Node.js (JavaScript/TypeScript), Python, PHP, Ruby, Express.js, FastAPI, REST APIs, WebSockets, microservices, ReactJS, GenAl & Al Agents, LLM integration, JWT, OAuth2","Strong technical match with relevant backend experience and skills, suitable seniority level, and aligns with company's tech stack.",2026-02-13T19:11:39.301115,,,,
66,Backend Developer,AvePoint,Singapore,8.0,scored,linkedin,,https://sg.linkedin.com/jobs/view/backend-developer-at-avepoint-4256725863,"Node.js, Express.js, Python, REST APIs, WebSockets, microservices, ReactJS, GenAl & Al Agents, LLM integration (Azure GPT/OpenAI), JWT, OAuth2, role-based access control, secure payments logging","Excellent technical match and seniority fit, suitable location for remote work, good growth potential",2026-02-13T19:11:39.300115,,,,
65,Back End Developer,LTIMindtree,"Singapore, Singapore",8.0,scored,linkedin,,https://sg.linkedin.com/jobs/view/back-end-developer-at-ltimindtree-4366436009,"Node.js,Python,REST APIs,WebSockets,microservices,event-driven systems,Linux,Docker,Cloud & DevOps,AWS","Candidate's technical skills align well with the role, including Node.js and Python experience. Seniority fit is also suitable. However, location might require relocation.",2026-02-13T19:11:39.300115,,,,
64,"Software Engineer, Backend",Grab,"Singapore, Singapore",8.0,scored,linkedin,,https://sg.linkedin.com/jobs/view/software-engineer-backend-at-grab-4370791591,"Node.js, Express.js, Python, REST APIs, WebSockets, microservices, event-driven systems, ReactJS, GenAl & Al Agents, LLM integration (Azure GPT/OpenAI), RAG, Al agents, prompt, Databases orchestration, workflow automation, conversational backends., MySQL, PostgreSQL, MongoDB","Strong technical match and seniority fit, suitable location, but unclear growth potential due to lack of job description.",2026-02-13T19:11:39.299107,,,,
63,"Backend Software Engineer, Manus",Meta,Singapore,8.0,scored,linkedin,,https://sg.linkedin.com/jobs/view/backend-software-engineer-manus-at-meta-4361890321,"C#, Node.js (JavaScript/TypeScript), Python, Express.js, REST APIs, WebSockets, microservices, ReactJS, GenAl & Al Agents, LLM integration, Databases orchestration, workflow automation, conversational backends., MySQL, PostgreSQL, MongoDB, Cloud & DevOps, Security",High score due to strong technical skill match and seniority fit.,2026-02-13T19:11:39.299107,,,,
62,Full Stack Developer ( Junior ),Vertis,"Singapore, Singapore",8.0,scored,linkedin,,https://sg.linkedin.com/jobs/view/full-stack-developer-junior-at-vertis-4371340263,"Node.js (JavaScript/TypeScript), Python, Express.js, FastAPI, REST APIs, WebSockets, microservices, event-driven systems, ReactJS, GenAl & Al Agents, LLM integration, JWT, OAuth2","Good match on technical skills and seniority fit, but location might require relocation.",2026-02-13T19:11:39.299107,,,,
60,Junior Full Stack Developer,Goldilock Secure,"Wolverhampton, England, United Kingdom",8.0,scored,linkedin,,https://uk.linkedin.com/jobs/view/junior-full-stack-developer-at-goldilock-secure-4366649466,"Node.js, JavaScript/TypeScript, Python, PHP, Ruby, Express.js, FastAPI, REST APIs, WebSockets, microservices, ReactJS, GenAl & Al Agents, LLM integration (Azure GPT/OpenAI), RAG, Al agents, prompt, Databases orchestration, workflow automation, conversational backends., MySQL, PostgreSQL, MongoDB","Candidate has excellent technical skill match, seniority fit is moderate due to more experience than required, role type alignment is good but not perfect, location compatibility is poor due to distance and relocation needed, growth potential is unknown.",2026-02-13T19:11:21.697410,,,,
58,Backend Engineer,Kallikor,"London, England, United Kingdom",8.0,scored,linkedin,,https://uk.linkedin.com/jobs/view/backend-engineer-at-kallikor-4359960581,"Node.js, Express.js, Python, REST APIs, WebSockets, ReactJS, GenAl & Al Agents, LLM integration, Databases orchestration, workflow automation, conversational backends., MySQL, PostgreSQL, MongoDB, Cloud & DevOps, Security, AWS, Docker, Linux, CI/CD","Excellent technical match, seniority fit, and role type alignment.",2026-02-13T19:11:21.696411,,,,
57,Junior Full Stack Engineer,Paydock,"Manchester Area, United Kingdom",8.0,scored,linkedin,,https://uk.linkedin.com/jobs/view/junior-full-stack-engineer-at-paydock-4365475008,"C#, Node.js (JavaScript/TypeScript), Python, PHP, Ruby, Express.js, FastAPI, REST APIs, WebSockets, microservices, event-driven systems, ReactJS (dashboards, admin panels, internal tools), MySQL, PostgreSQL, MongoDB, Cloud & DevOps, Security","Strong match for Backend/Full-stack/SDE roles, suitable experience and location but might be overqualified for Junior role",2026-02-13T19:11:21.696411,,,,
54,Backend Engineer,Boam AI,"London, England, United Kingdom",8.0,scored,linkedin,,https://uk.linkedin.com/jobs/view/backend-engineer-at-boam-ai-4362731235,"C#, Node.js (JavaScript/TypeScript), Python, PHP, Ruby, Express.js, FastAPI, REST APIs, WebSockets, microservices, event-driven systems, LLM integration (Azure GPT/OpenAI), Databases orchestration, workflow automation, MySQL, PostgreSQL, MongoDB, Cloud & DevOps, Security","The candidate has a strong match in terms of technical skills, seniority, and role type alignment.",2026-02-13T19:11:21.695411,,,,
53,Backend Engineer,nsave,"London, England, United Kingdom",8.0,scored,linkedin,,https://uk.linkedin.com/jobs/view/backend-engineer-at-nsave-4303877039,"Node.js, Express.js, Python, REST APIs, WebSockets, microservices, ReactJS, GenAl & Al Agents, LLM integration (Azure GPT/OpenAI), RAG, Al agents, prompt",Excellent technical skill match and seniority fit for a Backend Engineer role.,2026-02-13T19:11:21.695411,,,,
51,Backend Engineer,Terra API,"London, England, United Kingdom",8.0,scored,linkedin,,https://uk.linkedin.com/jobs/view/backend-engineer-at-terra-api-4128198513,"Node.js, Express.js, Python, REST APIs, WebSockets, microservices, ReactJS (dashboards, admin panels, internal tools), GenAl & Al Agents, LLM integration (Azure GPT/OpenAI), JWT, OAuth2",Highly suitable candidate with extensive technical skills matching the role requirements.,2026-02-13T19:11:21.695411,,,,
50,Senior Backend Software Engineer - London,Teleport,"London, England, United Kingdom",8.0,scored,linkedin,,https://uk.linkedin.com/jobs/view/senior-backend-software-engineer-london-at-teleport-4370937700,"C#, Node.js (JavaScript/TypeScript), Python, REST APIs, WebSockets, microservices, event-driven systems, ReactJS, LLM integration (Azure GPT/OpenAI), Databases orchestration, workflow automation","High technical skill match due to Node.js, Express.js, Python experience and GenAI expertise.",2026-02-13T19:11:21.694410,,,,
47,Software Engineer (Backend),hackajob,"London, England, United Kingdom",8.0,scored,linkedin,,https://uk.linkedin.com/jobs/view/software-engineer-backend-at-hackajob-4367020264,"C#, Node.js (JavaScript/TypeScript), Python, PHP, Ruby, Express.js, FastAPI, REST APIs, WebSockets, microservices, event-driven systems, ReactJS, GenAl & Al Agents, LLM integration, Databases orchestration, workflow automation, conversational backends","Candidate has a strong match in technical skills (40/40), seniority fit is good for 5+ years experience, and role type alignment is excellent as it's Backend/Full-stack/SDE role.",2026-02-13T19:11:21.694410,,,,
46,"Software Engineer, Backend",DoorDash,"London, England, United Kingdom",8.0,scored,linkedin,,https://uk.linkedin.com/jobs/view/software-engineer-backend-at-doordash-4296369615,"C#, Node.js (JavaScript/TypeScript), Python, REST APIs, WebSockets, microservices, ReactJS, GenAl & Al Agents, LLM integration, RAG, Al agents, prompt, Databases orchestration, workflow automation, conversational backends., MySQL, PostgreSQL, MongoDB","High technical skill match due to C#, Node.js (JavaScript/TypeScript), Python, and related skills.",2026-02-13T19:11:21.693410,,,,
43,Backend Developer,OWOW,"Eindhoven, North Brabant, Netherlands",8.0,scored,linkedin,,https://nl.linkedin.com/jobs/view/backend-developer-at-owow-4369326102,"Node.js (JavaScript/TypeScript), Python, PHP, Ruby, Express.js, FastAPI, REST APIs, WebSockets, microservices, event-driven systems, ReactJS, GenAl & Al Agents, LLM integration (Azure GPT/OpenAI)",Strong match in technical skills and seniority fit,2026-02-13T19:11:07.846376,,,,
41,Full Stack Software Engineer,Lightdash,Netherlands,8.0,scored,linkedin,,https://nl.linkedin.com/jobs/view/full-stack-software-engineer-at-lightdash-4113906481,"Node.js (JavaScript/TypeScript), Express.js, Python, REST APIs, WebSockets, microservices, event-driven systems, ReactJS, GenAl & Al Agents, LLM integration (Azure GPT/OpenAI)","Strong technical match, suitable seniority level and location compatibility, growth potential in an AI/ML environment",2026-02-13T19:11:07.846376,,,,
40,Backend Developer (Billing Team),TripleTen,"Amsterdam, North Holland, Netherlands",8.0,scored,linkedin,,https://nl.linkedin.com/jobs/view/backend-developer-billing-team-at-tripleten-4361540603,"Node.js, Express.js, Python, REST APIs, WebSockets, microservices, GenAl & Al Agents","High technical skill match due to extensive backend experience and relevant skills in Node.js, Express.js, Python, REST APIs, WebSockets, microservices, and GenAl & Al Agents.",2026-02-13T19:11:07.846376,,,,
39,Backend Engineer (Various Levels),Solvimon,"Utrecht, Utrecht, Netherlands",8.0,scored,linkedin,,https://nl.linkedin.com/jobs/view/backend-engineer-various-levels-at-solvimon-4135519634,"C#, Node.js, Python, PHP, Ruby, Express.js, FastAPI, REST APIs, WebSockets, microservices, event-driven systems, ReactJS, GenAl & Al Agents, LLM integration (Azure GPT/OpenAI), RAG, Al agents, prompt, Databases orchestration, workflow automation, conversational backends., MySQL, PostgreSQL, MongoDB, Cloud & DevOps, Security, AWS, DigitalOcean, Docker, Linux, CI/CD, monitoring, JWT, OAuth2, role-based access control, secure payments logging","High technical skill match, suitable seniority fit and role type alignment, location compatibility is acceptable for remote work, but growth potential might be limited due to company not specified.",2026-02-13T19:11:07.846376,,,,
37,Full Stack Engineer,Salento,"Utrecht, Netherlands",8.0,scored,linkedin,,https://nl.linkedin.com/jobs/view/full-stack-engineer-at-salento-4368368587,"C#, Node.js, Python, PHP, Ruby, Express.js, FastAPI, REST APIs, WebSockets, microservices, ReactJS, Databases orchestration, workflow automation, MySQL, PostgreSQL, MongoDB, Cloud & DevOps, Security, AWS, DigitalOcean, Docker, Linux, CI/CD","Strong match in technical skills, seniority, and role type alignment, but location is a compromise for some candidates",2026-02-13T19:11:07.845370,,,,
36,Backend Engineer (Junior / Medior Level),Solvimon,"Utrecht, Utrecht, Netherlands",8.0,scored,linkedin,,https://nl.linkedin.com/jobs/view/backend-engineer-junior-medior-level-at-solvimon-4273341609,"Node.js, Express.js, FastAPI, REST APIs, WebSockets, ReactJS, microservices, event-driven systems, MySQL, PostgreSQL, MongoDB, Cloud & DevOps, Security","The candidate's technical skills closely match the requirements for a Backend Engineer role. Pratik Lad has extensive experience in Node.js, Python, and PHP, which are relevant programming languages for this position.",2026-02-13T19:11:07.845370,,,,
35,Medior Backend Engineer (Python),Sendcloud,Eindhoven Area,8.0,scored,linkedin,,https://nl.linkedin.com/jobs/view/medior-backend-engineer-python-at-sendcloud-4370996692,"Python, Node.js (JavaScript/TypeScript), REST APIs, WebSockets, microservices, event-driven systems, ReactJS, MySQL, PostgreSQL, MongoDB, Cloud & DevOps, Security, AWS, Docker, Linux","Candidate has relevant technical skills for the Backend role, strong seniority fit and location compatibility is a potential issue.",2026-02-13T19:11:07.844359,,,,
34,Back End Developer,GeekSoft Consulting,"Eindhoven, North Brabant, Netherlands",8.0,scored,linkedin,,https://nl.linkedin.com/jobs/view/back-end-developer-at-geeksoft-consulting-4369115232,"Node.js, Express.js, Python, REST APIs, WebSockets, microservices, ReactJS, GenAl & Al Agents, LLM integration, RAG, Al agents, Databases orchestration, workflow automation, MySQL, PostgreSQL, MongoDB, Cloud & DevOps, Security","Strong match in technical skills (Node.js, Express.js, Python), seniority fit is good, role type alignment is perfect (Backend/SDE), location compatibility is moderate due to relocation required, growth potential is high",2026-02-13T19:11:07.844359,,,,
33,Backend Developer,Nabu Casa,"Amsterdam, North Holland, Netherlands",8.0,scored,linkedin,,https://nl.linkedin.com/jobs/view/backend-developer-at-nabu-casa-4366350976,"Node.js (JavaScript/TypeScript), Python, PHP, Ruby, Express.js, FastAPI, REST APIs, WebSockets, microservices, event-driven systems, ReactJS, GenAl & Al Agents, LLM integration, RAG, databases orchestration, workflow automation",High technical skill match and seniority fit.,2026-02-13T19:11:07.844359,,,,
31,Backend Software Engineer,Booking.com,"Amsterdam, North Holland, Netherlands",8.0,scored,linkedin,,https://nl.linkedin.com/jobs/view/backend-software-engineer-at-booking-com-4216534307,"C#, Node.js (JavaScript/TypeScript), Python, PHP, Ruby, Express.js, FastAPI, REST APIs, WebSockets, microservices, event-driven systems, ReactJS, GenAl & Al Agents, LLM integration (Azure GPT/OpenAI)","The candidate has an excellent match in terms of technical skills and seniority. The role is a Backend Software Engineer position at Booking.com, which aligns with their experience and expertise.",2026-02-13T19:11:07.843359,,,,
30,Backend Engineer,Bolt,"Berlin, Berlin, Germany",8.0,scored,linkedin,,https://de.linkedin.com/jobs/view/backend-engineer-at-bolt-4362257835,"Node.js (JavaScript/TypeScript), Express.js, FastAPI, Python, REST APIs, WebSockets, ReactJS, GenAl & Al Agents, LLM integration","Excellent match in technical skills, seniority fit and role type alignment.",2026-02-13T19:10:54.963393,,,,
29,Backend Engineer (all levels),FarmAct,"Augsburg, Bavaria, Germany",8.0,scored,linkedin,,https://de.linkedin.com/jobs/view/backend-engineer-all-levels-at-farmact-4356202295,"Node.js (JavaScript/TypeScript), Python, PHP, Ruby, Express.js, FastAPI, REST APIs, WebSockets, microservices, event-driven systems, ReactJS, MySQL, PostgreSQL, MongoDB, Cloud & DevOps","Strong technical match due to broad skill set, suitable seniority, and role type alignment. Concerns around location are mitigated by potential remote work.",2026-02-13T19:10:54.963393,,,,
28,Backend Engineer,Langfuse,"Berlin, Berlin, Germany",8.0,scored,linkedin,,https://de.linkedin.com/jobs/view/backend-engineer-at-langfuse-4095596256,"C#, Node.js (JavaScript/TypeScript), Python, REST APIs, WebSockets, microservices, ReactJS, GenAl & Al Agents, LLM integration, RAG, Al agents, prompt, Databases orchestration, workflow automation, MySQL, PostgreSQL, MongoDB, Cloud & DevOps, Security","Strong technical match with a good seniority fit, suitable location and decent growth potential",2026-02-13T19:10:54.963393,,,,
27,Backend Developer (Mid-Level) (m/w/d),Octopus Energy,"Munich, Bavaria, Germany",8.0,scored,linkedin,,https://de.linkedin.com/jobs/view/backend-developer-mid-level-m-w-d-at-octopus-energy-4371728005,"Node.js (JavaScript/TypeScript), Express.js, Python, REST APIs, WebSockets, ReactJS, GenAl & Al Agents, LLM integration, Databases orchestration, Cloud & DevOps, Security, AWS, DigitalOcean, Docker, Linux, CI/CD","High technical skill match and seniority fit, suitable location and growth potential",2026-02-13T19:10:54.963393,,,,
25,Backend Engineer (Node.js),Almedia,"Berlin, Berlin, Germany",8.0,scored,linkedin,,https://de.linkedin.com/jobs/view/backend-engineer-node-js-at-almedia-4365465072,"Node.js (JavaScript/TypeScript), Express.js, FastAPI, REST APIs, WebSockets, microservices, event-driven systems, ReactJS, LLM integration (Azure GPT/OpenAI)",Strong match in technical skills and role type alignment. Seniority fit is acceptable given the candidate's experience.,2026-02-13T19:10:54.962393,,,,
23,Full Stack Engineer,JUNA Technologies,"Berlin, Berlin, Germany",8.0,scored,linkedin,,https://de.linkedin.com/jobs/view/full-stack-engineer-at-juna-technologies-4288229912,"Node.js (JavaScript/TypeScript), Express.js, Python, REST APIs, WebSockets, microservices, ReactJS, GenAl & Al Agents, LLM integration, RAG, Databases orchestration, workflow automation, MySQL, PostgreSQL, MongoDB, Cloud & DevOps, Security","Strong technical skills match, seniority fit, and role type alignment.",2026-02-13T19:10:54.962393,,,,
20,"Junior Full Stack Developer, Python + React (m/f/d)",Preisenergie,"Munich, Bavaria, Germany",8.0,scored,linkedin,,https://de.linkedin.com/jobs/view/junior-full-stack-developer-python-%2B-react-m-f-d-at-preisenergie-4309559299,"Python, ReactJS (dashboards, admin panels), REST APIs, WebSockets, microservices, event-driven systems, RAG, Al agents, prompt, Databases orchestration, workflow automation, conversational backends., MySQL, PostgreSQL, MongoDB, Cloud & DevOps, Security",Strong technical skill match for Python and React skills; slightly mismatched seniority level but acceptable for a junior role; aligns well with Backend/Full-stack roles; location compatibility not an issue as Pratik can relocate,2026-02-13T19:10:54.961371,,,,
19,Backend Engineer,Boam AI,"Berlin, Berlin, Germany",8.0,scored,linkedin,,https://de.linkedin.com/jobs/view/backend-engineer-at-boam-ai-4362722831,"C#, Node.js (JavaScript/TypeScript), Python, REST APIs, WebSockets, microservices, event-driven systems, ReactJS, GenAl & Al Agents, LLM integration, RAG, Databases orchestration","High technical skill match, seniority fit, and role type alignment. Location compatibility is acceptable for remote work.",2026-02-13T19:10:54.961371,,,,
18,Junior Backend Engineer (m/f/x),Travelcircus,"Berlin, Berlin, Germany",8.0,scored,linkedin,,https://de.linkedin.com/jobs/view/junior-backend-engineer-m-f-x-at-travelcircus-4361481094,"Node.js (JavaScript/TypeScript), Python, REST APIs, WebSockets, microservices, event-driven systems, Express.js, FastAPI, MySQL, PostgreSQL, MongoDB, Cloud & DevOps, Security","Strong technical match and seniority fit, but some concerns about growth potential due to junior role.",2026-02-13T19:10:54.960815,,,,
16,Full-time Backend Developer (f/m/d),VAARHAFT,"Hamburg, Hamburg, Germany",8.0,scored,linkedin,,https://de.linkedin.com/jobs/view/full-time-backend-developer-f-m-d-at-vaarhaft-4362276428,"Node.js, Express.js, Python, REST APIs, WebSockets, microservices, event-driven systems, ReactJS, MySQL, PostgreSQL, MongoDB, Cloud & DevOps, Security",High technical skill match due to extensive backend experience and GenAI expertise. Seniority fit is good. Role type alignment is perfect as it's a Backend Developer position. Location compatibility is acceptable considering remote work options. Growth potential seems reasonable.,2026-02-13T19:10:54.959815,,,,
13,SDE 1 & 2 - Backend,CloudSEK,"Bengaluru, Karnataka, India",8.0,scored,linkedin,,https://in.linkedin.com/jobs/view/sde-1-2-backend-at-cloudsek-4343723743,"C#, Node.js, Python, REST APIs, WebSockets, microservices, ReactJS, GenAl & Al Agents, LLM integration, Databases orchestration, workflow automation, MySQL, PostgreSQL, MongoDB, Cloud & DevOps, Security, AWS, DigitalOcean, Docker, Linux, CI/CD","High technical skill match, seniority fit, and role type alignment",2026-02-13T19:10:40.997873,,,,
12,HDFC Securities - Backend Developer - Java/Golang,HDFC securities,"Bengaluru, Karnataka, India",8.0,scored,linkedin,,https://in.linkedin.com/jobs/view/hdfc-securities-backend-developer-java-golang-at-hdfc-securities-4335926098,"Node.js, Express.js, Python, REST APIs, WebSockets, microservices, ReactJS (dashboards), GenAl & Al Agents, LLM integration, Databases orchestration, workflow automation",High score due to strong technical skill match and seniority fit.,2026-02-13T19:10:40.997873,,,,
11,Full Stack Developer,Deloitte,"Bengaluru, Karnataka, India",8.0,scored,linkedin,,https://in.linkedin.com/jobs/view/full-stack-developer-at-deloitte-4349600916,"Node.js (JavaScript/TypeScript), Python, PHP, Ruby, Express.js, FastAPI, REST APIs, WebSockets, microservices, event-driven systems, ReactJS, LLM integration (Azure GPT/OpenAI), RAG, Al agents, prompt, Databases orchestration, workflow automation, conversational backends., MySQL, PostgreSQL, MongoDB, Cloud & DevOps, Security",High score due to excellent technical skill match and seniority fit.,2026-02-13T19:10:40.997873,,,,
10,Full Stack Developer - 1,NxtWave,"Hyderabad, Telangana, India",8.0,scored,linkedin,,https://in.linkedin.com/jobs/view/full-stack-developer-1-at-nxtwave-4304149179,"Node.js (JavaScript/TypeScript), Python, Express.js, REST APIs, WebSockets, microservices, event-driven systems, ReactJS, GenAl & Al Agents, LLM integration, MySQL, PostgreSQL, MongoDB, Cloud & DevOps, Security, AWS, DigitalOcean, Docker, Linux, CI/CD",Strong technical skill match with expertise in backend development and GenAI,2026-02-13T19:10:40.996873,,,,
9,Backend Software Development Engineer,Cisco,"Bengaluru, Karnataka, India",8.0,scored,linkedin,,https://in.linkedin.com/jobs/view/backend-software-development-engineer-at-cisco-4328631029,"C#, Node.js (JavaScript/TypeScript), Python, Express.js, FastAPI, REST APIs, WebSockets, microservices, event-driven systems, ReactJS, GenAl & Al Agents, LLM integration, RAG, Al agents, prompt, Databases orchestration, workflow automation, conversational backends.","High technical skill match, seniority fit, and role type alignment.",2026-02-13T19:10:40.996873,,,,
7,Full Stack Developer,Zensoft Services,"Pune, Maharashtra, India",8.0,scored,linkedin,,https://in.linkedin.com/jobs/view/full-stack-developer-at-zensoft-services-4370972288,"C#, Node.js (JavaScript/TypeScript), Python, PHP, Ruby, Express.js, FastAPI, REST APIs, WebSockets, ReactJS, microservices, event-driven systems, MySQL, PostgreSQL, MongoDB, Cloud & DevOps, Security, AWS, DigitalOcean, Docker, Linux, CI/CD, monitoring, JWT, OAuth2, role-based access control",Strong technical match with emphasis on backend skills and experience,2026-02-13T19:10:40.995873,,,,
6,Backend Developer - SDE 2,Groww,Greater Bengaluru Area,8.0,scored,linkedin,,https://in.linkedin.com/jobs/view/backend-developer-sde-2-at-groww-4362563201,"C#, Node.js (JavaScript/TypeScript), Python, PHP, Ruby, Express.js, FastAPI, REST APIs, WebSockets, microservices, event-driven systems, ReactJS, GenAl & Al Agents, LLM integration, RAG, Al agents, prompt, Databases orchestration, workflow automation, conversational backends.","Candidate's technical skills are a strong match for the role (40%). Seniority is appropriate for 5+ years of experience (20%). Role type aligns perfectly as Backend/Full-stack/SDE roles (20%). Location compatibility is high since candidate is already in Bengaluru (10%). Growth potential seems decent, but could be improved with more context on company growth and career development opportunities (10%).",2026-02-13T19:10:40.995873,,,,
4,Software Engineer- Python & Devops,Apple,"Hyderabad, Telangana, India",8.0,scored,linkedin,,https://in.linkedin.com/jobs/view/software-engineer-python-devops-at-apple-4359295243,"Python, Docker, Linux, CI/CD, monitoring",High technical skill match due to Python experience and DevOps skills. Seniority fit is good as candidate has 5+ years of experience.,2026-02-13T19:10:40.995873,,,,
3,Backend Developer SDE 1,Groww,Greater Bengaluru Area,8.0,scored,linkedin,,https://in.linkedin.com/jobs/view/backend-developer-sde-1-at-groww-4362545178,"C#, Node.js, Python, PHP, Ruby, Express.js, FastAPI, REST APIs, WebSockets, ReactJS, Databases orchestration, workflow automation, Cloud & DevOps, Security, AWS, DigitalOcean, Docker, Linux, CI/CD, JWT, OAuth2",High technical skill match due to backend development experience and knowledge of multiple technologies. Role type alignment is also good as it matches a Backend/Full-stack/SDE role.,2026-02-13T19:10:40.994878,,,,
2,Software Engineer - Backend (Python),McKinsey & Company,"Gurgaon, Haryana, India",8.0,scored,linkedin,,https://in.linkedin.com/jobs/view/software-engineer-backend-python-at-mckinsey-company-4369634450,"Python, Node.js (JavaScript/TypeScript), REST APIs, WebSockets, microservices, Databases orchestration",High technical skill match due to experience with Python and similar backend technologies.,2026-02-13T19:10:40.994878,,,,
1,SDE 2 - Backend,Jar,"Bengaluru, Karnataka, India",8.0,scored,linkedin,,https://in.linkedin.com/jobs/view/sde-2-backend-at-jar-4369493952,"C#, Node.js (JavaScript/TypeScript), Python, PHP, Ruby, Express.js, FastAPI, REST APIs, WebSockets, microservices, ReactJS, GenAl & Al Agents, LLM integration, RAG, Al agents, prompt, Databases orchestration, workflow automation, conversational backends.","The candidate's technical skills match well with the job requirements, and their seniority and location are suitable for this role.",2026-02-13T19:10:40.994878,,,,
113,Senior Full stack Developer,Lemon.io,Remote,7.5,scored,remoteok,"$80,000 - $190,000",https://remoteOK.com/remote-jobs/remote-senior-full-stack-developer-lemon-io-1130153,"Node.js, Express.js, Python, REST APIs, WebSockets, microservices, event-driven systems, GenAI & Al Agents, LLM integration, RAG, JWT, OAuth2","High technical skill match and seniority fit, but some requirements not perfectly matched (e.g., React.js experience)",2026-02-13T19:12:57.725749,,,,
74,Full Stack Developer Intern,Seagate Technology,"Singapore, Singapore",7.5,scored,linkedin,,https://sg.linkedin.com/jobs/view/full-stack-developer-intern-at-seagate-technology-4285856896,"Node.js (JavaScript/TypeScript), Python, PHP, Ruby, Express.js, FastAPI, REST APIs, WebSockets, microservices, event-driven systems, RAG, Al agents, prompt, Databases orchestration, workflow automation, conversational backends., MySQL, PostgreSQL, MongoDB","Candidate's technical skills are a good match for the role, but seniority may be an issue and growth potential is not explicitly mentioned.",2026-02-13T19:11:39.302117,,,,
67,Full Stack Developer Intern,Vertis,"Singapore, Singapore",7.5,scored,linkedin,,https://sg.linkedin.com/jobs/view/full-stack-developer-intern-at-vertis-4371356057,"Node.js, Express.js, Python, REST APIs, WebSockets, microservices, ReactJS, GenAl & Al Agents, LLM integration","Candidate has relevant technical skills for backend/full-stack roles, but seniority and location don't perfectly match.",2026-02-13T19:11:39.300115,,,,
59,Backend Engineer - Subscriptions,Spotify,"London, England, United Kingdom",7.5,scored,linkedin,,https://uk.linkedin.com/jobs/view/backend-engineer-subscriptions-at-spotify-4362486910,"C#, Node.js (JavaScript/TypeScript), Python, REST APIs, WebSockets, microservices, event-driven systems, ReactJS, GenAl & Al Agents, LLM integration, RAG, Al agents, prompt, Databases orchestration, workflow automation, conversational backends","Candidate has strong technical skill match (Backend and AI/ML skills), seniority fit, and role type alignment. Location compatibility is good with remote options available. However, growth potential is uncertain due to lack of job description.",2026-02-13T19:11:21.697410,,,,
56,Founding Backend Engineer,Aurora,"London, England, United Kingdom",7.5,scored,linkedin,,https://uk.linkedin.com/jobs/view/founding-backend-engineer-at-aurora-4365709104,"C#, Node.js (JavaScript/TypeScript), Python, PHP, Ruby, Express.js, FastAPI, REST APIs, WebSockets, microservices, event-driven systems, ReactJS, GenAl & Al Agents, LLM integration (Azure GPT/OpenAI), RAG, Al agents, prompt, Databases orchestration, workflow automation, conversational backends.","Excellent technical skill match for a backend role, seniority is appropriate, but location might require relocation",2026-02-13T19:11:21.696411,,,,
44,Full Stack Developer,AlisQI,"Utrecht, Utrecht, Netherlands",7.5,scored,linkedin,,https://nl.linkedin.com/jobs/view/full-stack-developer-at-alisqi-4292233140,"Node.js (JavaScript/TypeScript), Express.js, Python, REST APIs, WebSockets, microservices, ReactJS (dashboards, admin panels, internal tools), MySQL, PostgreSQL, MongoDB, Cloud & DevOps, Security",Excellent technical skill match for a Full Stack Developer role. Pratik's experience and skills align well with the job requirements.,2026-02-13T19:11:07.847899,,,,
38,JUNIOR BACK-END DEVELOPER,Notive - IT Innovation Partner,"Zwijndrecht, South Holland, Netherlands",7.5,scored,linkedin,,https://nl.linkedin.com/jobs/view/junior-back-end-developer-at-notive-it-innovation-partner-4207725614,"Node.js (JavaScript/TypeScript), Python, PHP, Ruby, Express.js, FastAPI, REST APIs, WebSockets, microservices, event-driven systems, ReactJS, GenAl & Al Agents, LLM integration (Azure GPT/OpenAI), MySQL, PostgreSQL, MongoDB, Cloud & DevOps, Security","Strong match on technical skills, but role is junior and location may require relocation",2026-02-13T19:11:07.845370,,,,
32,Back End Developer,Salento,"Utrecht, Netherlands",7.5,scored,linkedin,,https://nl.linkedin.com/jobs/view/back-end-developer-at-salento-4368369556,"C#, Node.js, Express.js, Python, microservices, REST APIs, WebSockets, ReactJS, AWS, Docker, Linux",High technical skill match (Backend/Full-stack/SDE roles) but potential concern about relocation and career growth.,2026-02-13T19:11:07.844359,,,,
17,"Software Engineer - Backend, 100%",Unique,"Berlin, Berlin, Germany",7.5,scored,linkedin,,https://de.linkedin.com/jobs/view/software-engineer-backend-100%25-at-unique-4370500927,"Node.js, Python, REST APIs, WebSockets, microservices, event-driven systems","Candidate's technical skills (C#, Node.js, Python) and experience match well for a Backend role in Berlin.",2026-02-13T19:10:54.960815,,,,
106,Staff AI Engineer R37,Phare Health,Remote,7.4,scored,remoteok,"$140,000 - $350,000",https://remoteOK.com/remote-jobs/remote-staff-ai-engineer-r37-phare-health-1130168,"Node.js, Python, Express.js, FastAPI, REST APIs, WebSockets, microservices, event-driven systems, ReactJS, GenAl & Al Agents, LLM integration (Azure GPT/OpenAI), RAG, Al agents, prompt","The candidate has a strong technical skill match for the role, with experience in backend development and AI/ML. However, the job description requires more expertise in healthcare-specific AI applications, which may be a challenge.",2026-02-13T19:12:57.725229,,,,
71,Fullstack Java Engineer,Apple,"Singapore, Singapore",7.0,scored,linkedin,,https://sg.linkedin.com/jobs/view/fullstack-java-engineer-at-apple-4360054993,"Node.js, JavaScript/TypeScript, Python, Express.js, REST APIs, WebSockets, microservices, ReactJS, MySQL, PostgreSQL, MongoDB, Cloud & DevOps",Candidate has relevant experience but lacks Java expertise.,2026-02-13T19:11:39.301115,,,,
68,Full Stack Developer Intern,Vertis,"Singapore, Singapore",7.0,scored,linkedin,,https://sg.linkedin.com/jobs/view/full-stack-developer-intern-at-vertis-4365992291,"C#, Node.js (JavaScript/TypeScript), Python, PHP, Ruby, Express.js, FastAPI, REST APIs, WebSockets, microservices, ReactJS, LLM integration","Candidate has strong technical skills matching the job, but may be overqualified for an intern position.",2026-02-13T19:11:39.301115,,,,
22,Fullstack Entwickler (m/w/d),LeadTable,"Kempten, Bavaria, Germany",7.0,scored,linkedin,,https://de.linkedin.com/jobs/view/fullstack-entwickler-m-w-d-at-leadtable-4361885346,"C#, Node.js (JavaScript/TypeScript), Python, Express.js, REST APIs, WebSockets, microservices, ReactJS, GenAl & Al Agents, LLM integration, RAG, Databases orchestration, workflow automation, Cloud & DevOps, Security, AWS, DigitalOcean, Docker, Linux, CI/CD","Good match for technical skills and seniority level, but some location compatibility concerns",2026-02-13T19:10:54.961371,,,,
21,Backend Engineer - Agents Team,Taktile,"Berlin, Berlin, Germany",7.0,scored,linkedin,,https://de.linkedin.com/jobs/view/backend-engineer-agents-team-at-taktile-4369258510,"Node.js (JavaScript/TypeScript), Python, PHP, Ruby, Express.js, FastAPI, REST APIs, WebSockets, microservices, event-driven systems, ReactJS, GenAl & Al Agents, LLM integration, JWT, OAuth2",High technical skill match due to multiple backend and AI-related skills.,2026-02-13T19:10:54.961371,,,,
112,Head of Strategic Accounts,Mesh,Remote,6.5,scored,remoteok,,https://remoteOK.com/remote-jobs/remote-head-of-strategic-accounts-mesh-1130155,"REST APIs, WebSockets, microservices, event-driven systems, Python, Node.js (JavaScript/TypeScript), C#, ReactJS","Strong technical skill match, seniority fit, and role type alignment, but some concerns about growth potential.",2026-02-13T19:12:57.725229,,,,
90,Senior Support Operations Manager,DeepIntent,Remote,6.5,scored,remoteok,,https://remoteOK.com/remote-jobs/remote-senior-support-operations-manager-deepintent-1130214,,"Moderate match due to experience and skill set, but not directly related to Support Operations Manager role.",2026-02-13T19:12:57.724229,,,,
118,Partner Sales Manager,Acceldata,Remote,6.0,scored,remoteok,,https://remoteOK.com/remote-jobs/remote-partner-sales-manager-acceldata-1130142,,"The candidate's skills in backend development and GenAI are not directly applicable to the sales management role. However, their technical background could be an asset in a business-facing role.",2026-02-13T19:12:57.725749,,,,
111,Finance Expert,xAI,Remote,6.0,scored,remoteok,,https://remoteOK.com/remote-jobs/remote-finance-expert-xai-1130160,"Python, PHP, Node.js (JavaScript/TypeScript), Express.js, FastAPI, REST APIs, WebSockets, microservices, GenAl & Al Agents, LLM integration (Azure GPT/OpenAI), RAG, Al agents, prompt","The candidate has a strong technical skill match, but some skills are unrelated to the job description. Role type alignment is low due to the lack of Backend or AI/ML roles in the company.",2026-02-13T19:12:57.725229,,,,
103,Enterprise Account Executive KSA,Dataiku,Remote,5.0,scored,remoteok,,https://remoteOK.com/remote-jobs/remote-enterprise-account-executive-ksa-dataiku-1130184,"REST APIs, WebSockets, Node.js, Express.js, Python, microservices, event-driven systems, ReactJS, GenAl & Al Agents, LLM integration, RAG, Al agents, prompt","Candidate's technical skills match some requirements but not all; seniority fit is appropriate, role type alignment is mostly relevant, location compatibility is suitable, growth potential exists",2026-02-13T19:12:57.725229,,,,
124,Enterprise Account Manager,UiPath,Remote,4.0,scored,remoteok,,https://remoteOK.com/remote-jobs/remote-enterprise-account-manager-uipath-1130127,,"The candidate's skills are not directly applicable to this role, which focuses on business development and account management.",2026-02-13T19:12:57.725749,,,,
105,Junior Multimedia Designer,ALX Africa,Remote,4.0,scored,remoteok,,https://remoteOK.com/remote-jobs/remote-junior-multimedia-designer-alx-africa-1130177,,Low score due to significant mismatch in technical skills and seniority.,2026-02-13T19:12:57.725229,,,,
